retailer,region,message
alternate,DE,HTTP 429
amazon,GB,anti-bot challenge page (Akamai/AWS WAF)
amazon,GB,anti-bot challenge page (Akamai/AWS WAF)
amazon,GB,anti-bot challenge page (Akamai/AWS WAF)
amazon,GB,anti-bot challenge page (Akamai/AWS WAF)
amazon,GB,anti-bot challenge page (Akamai/AWS WAF)
amazon,GB,anti-bot challenge page (Akamai/AWS WAF)
amazon,GB,anti-bot challenge page (Akamai/AWS WAF)
amazon,GB,anti-bot challenge page (Akamai/AWS WAF)
amazon,GB,anti-bot challenge page (Akamai/AWS WAF)
amazon,GB,anti-bot challenge page (Akamai/AWS WAF)
amazon,GB,anti-bot challenge page (Akamai/AWS WAF)
amazon,GB,anti-bot challenge page (Akamai/AWS WAF)
amazon,GB,anti-bot challenge page (Akamai/AWS WAF)