productId,productName,category,retailer,region,regionName,currency,condition,price,inStock,quantity,url,fetchedAt
dell-xps-14-da14260,Dell XPS 14 (DA14260),laptop,dospara,JP,Japan,JPY,new,209800,,,https://www.dospara.co.jp/SBR1392/IC621361.html,2026-09-18T22:04:10.461Z
dell-xps-13-dx13260,Dell XPS 13 (DX13260),laptop,dospara,JP,Japan,JPY,new,71800,,,https://www.dospara.co.jp/SBR1392/IC659042.html,2026-09-18T22:04:10.461Z
dell-xps-13-dx13260,Dell XPS 13 (DX13260),laptop,dospara,JP,Japan,JPY,new,33800,,,https://www.dospara.co.jp/SBR1392/IC563173.html,2026-09-18T22:04:10.461Z
dell-xps-13-dx13260,Dell XPS 13 (DX13260),laptop,dospara,JP,Japan,JPY,new,54980,,,https://www.dospara.co.jp/SBR1392/IC585284.html,2026-09-18T22:04:10.461Z
dell-xps-13-dx13260,Dell XPS 13 (DX13260),laptop,dospara,JP,Japan,JPY,new,104800,,,https://www.dospara.co.jp/SBR1392/IC658991.html,2026-09-18T22:04:10.461Z
dell-xps-13-dx13260,Dell XPS 13 (DX13260),laptop,dospara,JP,Japan,JPY,new,47800,,,https://www.dospara.co.jp/SBR1392/IC539209.html,2026-09-18T22:04:10.461Z
dell-xps-13-dx13260,Dell XPS 13 (DX13260),laptop,dospara,JP,Japan,JPY,new,33800,,,https://www.dospara.co.jp/SBR1392/IC561362.html,2026-09-18T22:04:10.461Z
dell-xps-13-dx13260,Dell XPS 13 (DX13260),laptop,dospara,JP,Japan,JPY,new,33800,,,https://www.dospara.co.jp/SBR1392/IC561615.html,2026-09-18T22:04:10.461Z
dell-xps-13-dx13260,Dell XPS 13 (DX13260),laptop,dospara,JP,Japan,JPY,new,33800,,,https://www.dospara.co.jp/SBR1392/IC560803.html,2026-09-18T22:04:10.461Z
asus-zenbook-14-oled,ASUS Zenbook 14 OLED,laptop,dospara,JP,Japan,JPY,new,132800,,,https://www.dospara.co.jp/SBR1392/IC650988.html,2026-09-18T22:04:10.461Z
asus-zenbook-14-oled,ASUS Zenbook 14 OLED,laptop,dospara,JP,Japan,JPY,new,110980,,,https://www.dospara.co.jp/SBR1392/IC632032.html,2026-09-18T22:04:10.461Z
hp-omnibook-x-flip,HP OmniBook X Flip,laptop,dospara,JP,Japan,JPY,new,192457,,,https://www.dospara.co.jp/SBR1392/IC646461.html,2026-09-18T22:04:10.461Z
hp-omnibook-x-flip,HP OmniBook X Flip,laptop,dospara,JP,Japan,JPY,new,211000,,,https://www.dospara.co.jp/SBR1392/IC629076.html,2026-09-18T22:04:10.461Z
dell-16-premium-da16250,"Dell 16 Premium (DA16250, RTX 5070 8GB, 4K OLED)",laptop,alternate,DE,Germany,EUR,new,4380,false,,https://www.alternate.de,2026-09-18T22:04:10.460Z
dell-16-premium-da16250,"Dell 16 Premium (DA16250, RTX 5070 8GB, 4K OLED)",laptop,alternate,DE,Germany,EUR,new,3618,false,,https://www.alternate.de,2026-09-18T22:04:10.460Z
macbook-pro-14-m5-pro,MacBook Pro 14 (M5 Pro),laptop,alternate,DE,Germany,EUR,new,2634,false,,https://www.alternate.de,2026-09-18T22:04:10.460Z
macbook-pro-14-m5-pro,MacBook Pro 14 (M5 Pro),laptop,alternate,DE,Germany,EUR,new,2199,false,,https://www.alternate.de,2026-09-18T22:04:10.460Z
macbook-pro-14-m5-pro,MacBook Pro 14 (M5 Pro),laptop,alternate,DE,Germany,EUR,new,2634,false,,https://www.alternate.de,2026-09-18T22:04:10.460Z
macbook-pro-14-m5-pro,MacBook Pro 14 (M5 Pro),laptop,alternate,DE,Germany,EUR,new,1999,false,,https://www.alternate.de,2026-09-18T22:04:10.460Z
macbook-pro-14-m5-pro,MacBook Pro 14 (M5 Pro),laptop,alternate,DE,Germany,EUR,new,4455,false,,https://www.alternate.de,2026-09-18T22:04:10.460Z
macbook-pro-14-m5-pro,MacBook Pro 14 (M5 Pro),laptop,alternate,DE,Germany,EUR,new,3305,false,,https://www.alternate.de,2026-09-18T22:04:10.460Z
macbook-pro-14-m5-pro,MacBook Pro 14 (M5 Pro),laptop,alternate,DE,Germany,EUR,new,3134,false,,https://www.alternate.de,2026-09-18T22:04:10.460Z
macbook-pro-14-m5-pro,MacBook Pro 14 (M5 Pro),laptop,alternate,DE,Germany,EUR,new,3249,false,,https://www.alternate.de,2026-09-18T22:04:10.460Z
macbook-pro-16-m5-max,MacBook Pro 16 (M5 Max),laptop,alternate,DE,Germany,EUR,new,5122,false,,https://www.alternate.de,2026-09-18T22:04:10.460Z
macbook-pro-16-m5-max,MacBook Pro 16 (M5 Max),laptop,alternate,DE,Germany,EUR,new,5122,false,,https://www.alternate.de,2026-09-18T22:04:10.460Z
macbook-pro-16-m5-max,MacBook Pro 16 (M5 Max),laptop,alternate,DE,Germany,EUR,new,4583,false,,https://www.alternate.de,2026-09-18T22:04:10.460Z
macbook-pro-16-m5-max,MacBook Pro 16 (M5 Max),laptop,alternate,DE,Germany,EUR,new,4583,false,,https://www.alternate.de,2026-09-18T22:04:10.460Z
macbook-pro-16-m5-max,MacBook Pro 16 (M5 Max),laptop,alternate,DE,Germany,EUR,new,7483,false,,https://www.alternate.de,2026-09-18T22:04:10.460Z
macbook-pro-16-m5-max,MacBook Pro 16 (M5 Max),laptop,alternate,DE,Germany,EUR,new,7483,false,,https://www.alternate.de,2026-09-18T22:04:10.460Z
macbook-pro-16-m5-max,MacBook Pro 16 (M5 Max),laptop,alternate,DE,Germany,EUR,new,7330,false,,https://www.alternate.de,2026-09-18T22:04:10.460Z
macbook-pro-16-m5-max,MacBook Pro 16 (M5 Max),laptop,alternate,DE,Germany,EUR,new,7601,false,,https://www.alternate.de,2026-09-18T22:04:10.460Z
macbook-air-15-m5,MacBook Air 15 (M5),laptop,alternate,DE,Germany,EUR,new,1529,false,,https://www.alternate.de,2026-09-18T22:04:10.460Z
macbook-air-15-m5,MacBook Air 15 (M5),laptop,alternate,DE,Germany,EUR,new,1784,false,,https://www.alternate.de,2026-09-18T22:04:10.460Z
macbook-air-15-m5,MacBook Air 15 (M5),laptop,alternate,DE,Germany,EUR,new,1844,false,,https://www.alternate.de,2026-09-18T22:04:10.460Z
macbook-air-15-m5,MacBook Air 15 (M5),laptop,alternate,DE,Germany,EUR,new,1844,false,,https://www.alternate.de,2026-09-18T22:04:10.460Z
macbook-air-15-m5,MacBook Air 15 (M5),laptop,alternate,DE,Germany,EUR,new,1844,false,,https://www.alternate.de,2026-09-18T22:04:10.460Z
macbook-air-15-m5,MacBook Air 15 (M5),laptop,alternate,DE,Germany,EUR,new,1545,false,,https://www.alternate.de,2026-09-18T22:04:10.460Z
macbook-air-15-m5,MacBook Air 15 (M5),laptop,alternate,DE,Germany,EUR,new,1545,false,,https://www.alternate.de,2026-09-18T22:04:10.460Z
macbook-air-15-m5,MacBook Air 15 (M5),laptop,alternate,DE,Germany,EUR,new,2044,false,,https://www.alternate.de,2026-09-18T22:04:10.460Z
lenovo-thinkpad-x1-carbon-g12,Lenovo ThinkPad X1 Carbon Gen 12,laptop,alternate,DE,Germany,EUR,new,1299,false,,https://www.alternate.de,2026-09-18T22:04:10.460Z
razer-blade-16,Razer Blade 16,laptop,amazon,JP,Japan,JPY,new,604433,true,3,https://www.amazon.co.jp/dp/B0H31TTZJT,2026-09-18T22:04:10.461Z
dell-xps-16-da16260,Laptop Dell Dell Laptop XPS 16 DA16260 Win11Pro Core Ultra X7 358H/32GB/512GB/16/2K/Intel Arc/FgrPr/Cam/Mic/ Backlit Kb/3 Cell/3Y ProSupport,laptop,morele,PL,Poland,PLN,new,12168.77,,,https://www.morele.net/laptop-dell-dell-laptop-xps-16-da16260-win11pro-core-ultra-x7-358h-32gb-512gb-16-2k-intel-arc-fgrpr-cam-mic-backlit-kb-3-cell-3y-prosupport-15925864/,2026-09-18T22:04:10.462Z
dell-xps-16-da16260,Laptop Dell XPS 16 DA16260 (1033450742/3),laptop,morele,PL,Poland,PLN,new,15163.1,,,https://www.morele.net/laptop-dell-xps-16-da16260-1033450742-3-600248998/,2026-09-18T22:04:10.462Z
dell-xps-14-da14260,Laptop Dell XPS 14 DA14260 (1033450742/2),laptop,morele,PL,Poland,PLN,new,13947.12,,,https://www.morele.net/laptop-dell-xps-14-da14260-1033450742-2-600249003/,2026-09-18T22:04:10.462Z
dell-xps-14-da14260,Laptop Dell XPS 14 DA14260 (1033450742/1),laptop,morele,PL,Poland,PLN,new,17232.25,,,https://www.morele.net/laptop-dell-xps-14-da14260-1033450742-1-600249002/,2026-09-18T22:04:10.462Z
dell-xps-13-dx13260,"Laptop Dell XPS 13 DX13260 Win11Pro Core 5 320/8GB/512GB/13,4/2,5K /Intel/Cam/Mic/Backlit Kb/3 Cell/Touch/2Y ProSupport (XPS 13 DX13260 210-BWGY)",laptop,morele,PL,Poland,PLN,new,5533.2,,,https://www.morele.net/laptop-dell-xps-13-dx13260-win11pro-core-5-320-8gb-512gb-13-4-2-5k-intel-cam-mic-backlit-kb-3-cell-touch-2y-prosupport-xps-13-dx13260-210-bwgy-600321910/,2026-09-18T22:04:10.462Z
dell-xps-13-dx13260,"Laptop Dell XPS 13 DX13260 | Sky | 13.4 "" | Touchscreen | 2.5K | Intel Core 5 | 320 | 8 GB | LPDDR5x | Solid-state drive capacity 512 GB | Intel Graphics | Windows 11 Home | Bluetooth version 6.0 | Keyboard language English | Keyboard backlit | Warranty 3",laptop,morele,PL,Poland,PLN,new,6994.48,,,https://www.morele.net/laptop-dell-xps-13-dx13260-sky-13-4-touchscreen-2-5k-intel-core-5-320-8-gb-lpddr5x-solid-state-drive-capacity-512-gb-intel-graphics-windows-11-home-bluetooth-version-6-0-keyboard-language-english-keyboard-backlit-warranty-3-600477041/,2026-09-18T22:04:10.462Z
dell-xps-13-dx13260,Laptop Dell XPS 13 DX13260 13.4inch 2.5K Touch Intel Core 5 320 16GB 512GB SSD BK W11P (1326-4534/R),laptop,morele,PL,Poland,PLN,new,5426.45,,,https://www.morele.net/laptop-dell-xps-13-dx13260-13-4inch-2-5k-touch-intel-core-5-320-16gb-512gb-ssd-bk-w11p-1326-4534-r-600395827/,2026-09-18T22:04:10.462Z
dell-xps-13-dx13260,"Laptop Dell XPS 13 DX13260 Win11Pro Core 5 320/8GB/512GB/13,4/2,5K /Intel/Cam/Mic/Backlit Kb/3 Cell/TOUCH/2Y ProSupport (5902002393140)",laptop,morele,PL,Poland,PLN,new,5384.47,,,https://www.morele.net/laptop-dell-xps-13-dx13260-win11pro-core-5-320-8gb-512gb-13-4-2-5k-intel-cam-mic-backlit-kb-3-cell-touch-2y-prosupport-5902002393140-600321702/,2026-09-18T22:04:10.462Z
dell-xps-13-dx13260,Laptop Dell XPS 13 DX13260 13.4inch 2.5K Touch Intel Core 5 320 16GB 512GB SSD BK W11H (1326-4527/R),laptop,morele,PL,Poland,PLN,new,5160.04,,,https://www.morele.net/laptop-dell-xps-13-dx13260-13-4inch-2-5k-touch-intel-core-5-320-16gb-512gb-ssd-bk-w11h-1326-4527-r-600395829/,2026-09-18T22:04:10.462Z
macbook-pro-14-m5-pro,Laptop Apple MacBook Pro 14 M5 / 16 GB / 512 GB (MDE04ZE/A),laptop,morele,PL,Poland,PLN,new,8199,,,https://www.morele.net/laptop-apple-macbook-pro-14-m5-16-gb-512-gb-mde04ze-a-15573898/,2026-09-18T22:04:10.462Z
macbook-pro-14-m5-pro,Laptop Apple MacBook Pro 14 M5 / 16 GB / 1 TB (MDE14ZE/A),laptop,morele,PL,Poland,PLN,new,9201.01,,,https://www.morele.net/laptop-apple-macbook-pro-14-m5-16-gb-1-tb-mde14ze-a-15587581/,2026-09-18T22:04:10.462Z
macbook-pro-14-m5-pro,Laptop Apple MacBook Pro 14 M5 / 16 GB / 1 TB (MDE14ZE/A) + Ładowarka Apple 70W w zestawie,laptop,morele,PL,Poland,PLN,new,8858.51,,,https://www.morele.net/laptop-apple-macbook-pro-14-m5-16-gb-1-tb-mde14ze-a-ladowarka-apple-70w-w-zestawie-600064653/,2026-09-18T22:04:10.462Z
macbook-pro-14-m5-pro,Laptop Apple MacBook Pro 14 M5 Pro / 24 GB / 1 TB (MGDN4ZE/A),laptop,morele,PL,Poland,PLN,new,11199,,,https://www.morele.net/laptop-apple-macbook-pro-14-m5-pro-24-gb-1-tb-mgdn4ze-a-15863876/,2026-09-18T22:04:10.462Z
macbook-pro-14-m5-pro,Laptop Apple MacBook Pro 14 M5 / 16 GB / 1 TB (MDE54ZE/A),laptop,morele,PL,Poland,PLN,new,9229.99,,,https://www.morele.net/laptop-apple-macbook-pro-14-m5-16-gb-1-tb-mde54ze-a-15587578/,2026-09-18T22:04:10.462Z
macbook-pro-14-m5-pro,Laptop Apple MacBook Pro 14 M5 Pro / 24 GB / 1 TB (MGDR4ZE/A),laptop,morele,PL,Poland,PLN,new,11299,,,https://www.morele.net/laptop-apple-macbook-pro-14-m5-pro-24-gb-1-tb-mgdr4ze-a-15863878/,2026-09-18T22:04:10.462Z
macbook-pro-14-m5-pro,Laptop Apple MacBook Pro 14 M5 / 24 GB / 1 TB (MDE34ZE/A),laptop,morele,PL,Poland,PLN,new,10999,,,https://www.morele.net/laptop-apple-macbook-pro-14-m5-24-gb-1-tb-mde34ze-a-15587722/,2026-09-18T22:04:10.462Z
macbook-pro-14-m5-pro,Laptop Apple MacBook Pro 14 M5 Pro / 24 GB / 1 TB / MacOS / Gwiezdna Szarość (MGDR4),laptop,morele,PL,Poland,PLN,new,11072.51,,,https://www.morele.net/laptop-apple-macbook-pro-14-m5-pro-24-gb-1-tb-macos-gwiezdna-szarosc-mgdr4-16129490/,2026-09-18T22:04:10.462Z
macbook-pro-16-m5-max,Laptop Apple MacBook Pro 16 M5 Max / 48 GB / 2 TB (MGEE4ZE/A),laptop,morele,PL,Poland,PLN,new,22846.99,,,https://www.morele.net/laptop-apple-macbook-pro-16-m5-max-48-gb-2-tb-mgee4ze-a-15863913/,2026-09-18T22:04:10.462Z
macbook-pro-16-m5-max,Laptop Apple MacBook Pro 16 M5 Max / 36 GB / 2 TB (MGED4ZE/A),laptop,morele,PL,Poland,PLN,new,21139.99,,,https://www.morele.net/laptop-apple-macbook-pro-16-m5-max-36-gb-2-tb-mged4ze-a-15863909/,2026-09-18T22:04:10.462Z
macbook-air-15-m5,Laptop Apple MacBook Air 15 M5 / 16 GB / 1 TB (MDVE4ZE/A),laptop,morele,PL,Poland,PLN,new,8219.99,,,https://www.morele.net/laptop-apple-macbook-air-15-m5-16-gb-1-tb-mdve4ze-a-15863991/,2026-09-18T22:04:10.462Z
macbook-air-15-m5,Laptop Apple MacBook Air 15 M5 / 16 GB / 1 TB (MDVK4ZE/A),laptop,morele,PL,Poland,PLN,new,8090.99,,,https://www.morele.net/laptop-apple-macbook-air-15-m5-16-gb-1-tb-mdvk4ze-a-15863993/,2026-09-18T22:04:10.462Z
macbook-air-15-m5,Laptop Apple MacBook Air 15 M5 / 16 GB / 512 GB (MDVH4ZE/A),laptop,morele,PL,Poland,PLN,new,7499,,,https://www.morele.net/laptop-apple-macbook-air-15-m5-16-gb-512-gb-mdvh4ze-a-15863983/,2026-09-18T22:04:10.462Z
macbook-air-15-m5,Laptop Apple MacBook Air 15 M5 / 24 GB / 1 TB (MDVU4ZE/A),laptop,morele,PL,Poland,PLN,new,9799,,,https://www.morele.net/laptop-apple-macbook-air-15-m5-24-gb-1-tb-mdvu4ze-a-15864003/,2026-09-18T22:04:10.462Z
macbook-air-15-m5,Laptop Apple MacBook Air 15 M5 / 24 GB / 1 TB (MDVN4ZE/A),laptop,morele,PL,Poland,PLN,new,9999,,,https://www.morele.net/laptop-apple-macbook-air-15-m5-24-gb-1-tb-mdvn4ze-a-15864002/,2026-09-18T22:04:10.462Z
macbook-air-15-m5,Laptop Apple MacBook Air 15 M5 / 16 GB / 512 GB (MDV94ZE/A),laptop,morele,PL,Poland,PLN,new,7499,,,https://www.morele.net/laptop-apple-macbook-air-15-m5-16-gb-512-gb-mdv94ze-a-15863979/,2026-09-18T22:04:10.462Z
asus-zenbook-14-oled,Laptop Asus Zenbook 14 OLED UM3406 Ryzen AI 7 350 / 32 GB / 1 TB / W11 (UM3406KA-PP164W),laptop,morele,PL,Poland,PLN,new,7001.55,,,https://www.morele.net/laptop-asus-zenbook-14-oled-um3406-ryzen-ai-7-350-32-gb-1-tb-w11-um3406ka-pp164w-14671671/,2026-09-18T22:04:10.462Z
asus-zenbook-14-oled,Laptop Asus Zenbook 14 OLED UM3406 Ryzen AI 5 340 / 16 GB / 512 GB / W11 (UM3406KA-QD018W),laptop,morele,PL,Poland,PLN,new,3499,,,https://www.morele.net/laptop-asus-zenbook-14-oled-um3406-ryzen-ai-5-340-16-gb-512-gb-w11-um3406ka-qd018w-15596644/,2026-09-18T22:04:10.462Z
asus-zenbook-14-oled,"Laptop Asus Zenbook A14 OLED UX3407NA-QD166W / 14"" / Snapdragon X2 Elite X2E-88-100 / 16GB / 512GB SSD / W11 (90NB1711-M00890)",laptop,morele,PL,Poland,PLN,new,5215.92,,,https://www.morele.net/laptop-asus-zenbook-a14-oled-ux3407na-qd166w-14-snapdragon-x2-elite-x2e-88-100-16gb-512gb-ssd-w11-90nb1711-m00890-16224580/,2026-09-18T22:04:10.462Z
asus-zenbook-14-oled,"Laptop Asus Zenbook S 14 OLED / 14"" / Ultra 9 386H / 32GB / 1TB / Windows 11 (UX5406AA-SU053W)",laptop,morele,PL,Poland,PLN,new,10059.11,,,https://www.morele.net/laptop-asus-zenbook-s-14-oled-14-ultra-9-386h-32gb-1tb-windows-11-ux5406aa-su053w-15881016/,2026-09-18T22:04:10.462Z
hp-omnibook-x-flip,"Laptop HP OmniBook 5 Flip 2w1 14-fp0013na / 14"" / Intel i5 / 16GB / 512GB / Windows 11 (C1LK7EA)",laptop,morele,PL,Poland,PLN,new,3499,,,https://www.morele.net/laptop-hp-omnibook-5-flip-2w1-14-fp0013na-14-intel-i5-16gb-512gb-windows-11-c1lk7ea-15878728/,2026-09-18T22:04:10.462Z
hp-omnibook-x-flip,"Laptop HP OmniBook 5 Flip 2w1 14-fp0015na / 14"" / Intel i5 / 8GB / 512GB / Windows 11 (C1LM2EA)",laptop,morele,PL,Poland,PLN,new,3199,,,https://www.morele.net/laptop-hp-omnibook-5-flip-2w1-14-fp0015na-14-intel-i5-8gb-512gb-windows-11-c1lm2ea-15878732/,2026-09-18T22:04:10.462Z
dell-xps-16-da16260,"Dell XPS 16 (DA16260, Core Ultra X7 358H, 3.2K OLED)",laptop,amazon,DE,Germany,EUR,new,2142.02,true,19,https://www.amazon.de/dp/B0CY3SJ25T,2026-09-18T22:04:10.459Z
dell-xps-16-da16260,"Dell XPS 16 (DA16260, Core Ultra X7 358H, 3.2K OLED)",laptop,amazon,DE,Germany,EUR,new,3024.37,true,6,https://www.amazon.de/dp/B0CY9JS49F,2026-09-18T22:04:10.459Z
asus-zenbook-14-oled,ASUS Zenbook 14 OLED,laptop,amazon,DE,Germany,EUR,new,1007.56,true,,https://www.amazon.de/dp/B0999K64RC,2026-09-18T22:04:10.459Z
asus-zenbook-14-oled,ASUS Zenbook 14 OLED,laptop,amazon,DE,Germany,EUR,new,1835.24,true,1,https://www.amazon.de/dp/B0FHQCH68Y,2026-09-18T22:04:10.459Z
asus-zenbook-14-oled,ASUS Zenbook 14 OLED,laptop,amazon,DE,Germany,EUR,new,1754.13,true,1,https://www.amazon.de/dp/B0CL6M1PX5,2026-09-18T22:04:10.459Z
asus-zenbook-14-oled,ASUS Zenbook 14 OLED,laptop,amazon,DE,Germany,EUR,new,2280.37,,,https://www.amazon.de/dp/B0DPQ35KMW,2026-09-18T22:04:10.459Z
hp-omnibook-x-flip,HP OmniBook X Flip,laptop,amazon,DE,Germany,EUR,new,1066.56,true,5,https://www.amazon.de/dp/B0FHDQFZJR,2026-09-18T22:04:10.459Z
hp-omnibook-x-flip,HP OmniBook X Flip,laptop,amazon,DE,Germany,EUR,new,1090.31,true,5,https://www.amazon.de/dp/B0FK1YRHF9,2026-09-18T22:04:10.459Z
hp-omnibook-x-flip,HP OmniBook X Flip,laptop,amazon,DE,Germany,EUR,new,1128.32,true,5,https://www.amazon.de/dp/B0FHF1XPY9,2026-09-18T22:04:10.459Z
hp-omnibook-x-flip,HP OmniBook X Flip,laptop,amazon,DE,Germany,EUR,new,1245.89,,,https://www.amazon.de/dp/B0FK8Z8RXQ,2026-09-18T22:04:10.459Z
hp-omnibook-x-flip,HP OmniBook X Flip,laptop,amazon,DE,Germany,EUR,new,1250.65,,,https://www.amazon.de/dp/B0FHDX3ZT4,2026-09-18T22:04:10.459Z
hp-omnibook-x-flip,HP OmniBook X Flip,laptop,amazon,DE,Germany,EUR,new,1251.84,,,https://www.amazon.de/dp/B0GNTM21VF,2026-09-18T22:04:10.459Z
dell-16-premium-da16250,"Dell 16 Premium (DA16250, RTX 5070 8GB, 4K OLED)",laptop,amazon,US,United States,USD,new,3612.84,false,0,https://www.amazon.com/dp/B0GWNDZQVM,2026-09-18T22:04:10.440Z
dell-16-premium-da16250,"Dell 16 Premium (DA16250, RTX 5070 8GB, 4K OLED)",laptop,amazon,US,United States,USD,new,3999.99,true,1,https://www.amazon.com/dp/B0HBZNM81T,2026-09-18T22:04:10.440Z
macbook-pro-14-m5-pro,MacBook Pro 14 (M5 Pro),laptop,amazon,US,United States,USD,new,2049,true,1,https://www.amazon.com/dp/B0FWD726XF,2026-09-18T22:04:10.440Z