productId,listingCount,currency,lowestNew,highestNew,averageNew,medianNew,lowestRefurbished,lowestUsed,retailerCount,regionCount,inStockCount
dell-xps-14-da14260,3,PLN,13947.12,17232.25,15589.685000000001,15589.685000000001,,,2,2,0
dell-xps-13-dx13260,13,JPY,33800,104800,51822.5,40800,,,2,2,0
asus-zenbook-14-oled,10,PLN,3499,10059.11,6443.895,6108.735000000001,,,3,3,3
hp-omnibook-x-flip,10,EUR,1066.56,1251.84,1172.2616666666665,1187.105,,,3,3,3
dell-16-premium-da16250,4,USD,3612.84,3999.99,3806.415,3806.415,,,2,2,1
macbook-pro-14-m5-pro,17,EUR,1999,4455,2951.125,2884,,,3,3,1
macbook-pro-16-m5-max,10,EUR,4583,7601,6163.375,6226,,,2,2,0
macbook-air-15-m5,14,EUR,1529,2044,1747.375,1814,,,2,2,0
lenovo-thinkpad-x1-carbon-g12,1,EUR,1299,1299,1299,1299,,,1,1,0
razer-blade-16,1,JPY,604433,604433,604433,604433,,,1,1,1
dell-xps-16-da16260,4,PLN,12168.77,15163.1,13665.935000000001,13665.935000000001,,,2,2,2